,Recommendation 1,Recommendation 2,Recommendation 3,Recommendation 4,Recommendation 5,Recommendation 6,Recommendation 7,Recommendation 8,Recommendation 9,Recommendation 10
Hilton Garden Seattle Downtown,Staybridge Suites Seattle Downtown - Lake Union,Silver Cloud Inn - Seattle Lake Union,Embassy Suites by Hilton Seattle Tacoma International Airport,Residence Inn by Marriott Seattle Downtown/Lake Union,The Loyal Inn,DoubleTree by Hilton Hotel Seattle Airport,Holiday Inn Express & Suites Seattle-City Center,Hyatt Regency Seattle,Homewood Suites by Hilton Seattle Convention Center Pike Street,"The Charter Hotel Seattle, Curio Collection by Hilton"
Sheraton Grand Seattle,Four Points by Sheraton Downtown Seattle Center,Sheraton Bellevue Hotel,Gand Hyatt Seattle,The Arctic Club Seattle - a DoubleTree by Hilton Hotel,Hyatt Regency Seattle,Holiday Inn Express & Suites North Seattle - Shoreline,Renaissance Seattle Hotel,The Westin Seattle,Residence Inn by Marriott Seattle Downtown/Convention Center,Inn at the Market
Crowne Plaza Seattle Downtown,Embassy Suites by Hilton Seattle Tacoma International Airport,Crowne Plaza Seattle Airport,SpringHill Suites Seattle Downtown,Hampton Inn Seattle/Southcenter,Renaissance Seattle Hotel,The Arctic Club Seattle - a DoubleTree by Hilton Hotel,Holiday Inn Seattle Downtown,Holiday Inn Express & Suites Seattle-City Center,Holiday Inn Express & Suites North Seattle - Shoreline,The Loyal Inn
Kimpton Hotel Monaco Seattle ,Silver Cloud Hotel - Seattle Stadium,Holiday Inn Seattle Downtown,Kimpton Hotel Vintage Seattle,Holiday Inn Express & Suites Seattle-City Center,Hotel Seattle,Best Western Plus Pioneer Square Hotel Downtown,La Quinta Inn & Suites Seattle Downtown,Quality Inn & Suites Seattle Center,Embassy Suites by Hilton Seattle Downtown Pioneer Square,Homewood Suites by Hilton Seattle Downtown
The Westin Seattle,Renaissance Seattle Hotel,Gand Hyatt Seattle,Quality Inn & Suites Seattle Center,Hotel Theodore,Residence Inn by Marriott Seattle Downtown/Convention Center,Inn at the Market,Staybridge Suites Seattle Downtown - Lake Union,Silver Cloud Inn - Seattle Lake Union,Hyatt Place Seattle,Seattle Marriott Waterfront
The Paramount Hotel Seattle,Homewood Suites by Hilton Seattle Convention Center Pike Street,Hotel Seattle,Renaissance Seattle Hotel,Holiday Inn Seattle Downtown,The Edgewater Hotel Seattle,"The Charter Hotel Seattle, Curio Collection by Hilton",Residence Inn by Marriott Seattle Downtown/Lake Union,Holiday Inn Express & Suites Seattle-City Center,The Arctic Club Seattle - a DoubleTree by Hilton Hotel,Quality Inn & Suites Seattle Center
Hilton Seattle,Hyatt Regency Seattle,Quality Inn & Suites Seattle Center,Hotel Seattle,Homewood Suites by Hilton Seattle Downtown,Best Western Plus Pioneer Square Hotel Downtown,Holiday Inn Express & Suites Seattle-City Center,Residence Inn by Marriott Seattle Downtown/Lake Union,Days Inn Seattle South Tukwila,Holiday Inn Seattle Downtown,The Paramount Hotel Seattle
Motif Seattle,Inn at the Market,Hyatt Regency Seattle,"The Charter Hotel Seattle, Curio Collection by Hilton",The Westin Seattle,Staybridge Suites Seattle Downtown - Lake Union,Hampton Inn Seattle-Airport,Hyatt At Olive 8,Holiday Inn Express & Suites Seattle-City Center,Thompson Seattle,Kimpton Hotel Vintage Seattle
Warwick Seattle,The Edgewater Hotel Seattle,Holiday Inn Seattle Downtown,Holiday Inn Express & Suites North Seattle - Shoreline,Hotel Theodore,Silver Cloud Hotel - Seattle Stadium,The State Hotel,Best Western Seattle Airport Hotel,Holiday Inn Express & Suites Seattle-City Center,Stay Alfred on 4th Avenue,W Seattle
Four Seasons Hotel Seattle,The Edgewater Hotel Seattle,Hyatt Regency Lake Washington At SeattleS Southport,Inn at the Market,Hyatt At Olive 8,Silver Cloud Inn - Seattle Lake Union,Residence Inn by Marriott Seattle Downtown/Lake Union,Staybridge Suites Seattle Downtown - Lake Union,The State Hotel,Stay Alfred on Elliott Avenue,The Grove West Seattle Inn
W Seattle,The Arctic Club Seattle - a DoubleTree by Hilton Hotel,Quality Inn & Suites Seattle Center,Inn at the Market,Stay Alfred on Elliott Avenue,Residence Inn by Marriott Seattle Downtown/Convention Center,Holiday Inn Express & Suites Seattle-City Center,Hyatt Place Seattle,Holiday Inn Seattle Downtown,Hampton Inn Seattle/Southcenter,Hyatt At Olive 8
Gand Hyatt Seattle,Inn at the Market,Hyatt Place Seattle,Pan Pacific Seattle,The Westin Seattle,Hyatt Regency Seattle,Seattle Marriott Waterfront,Hyatt Regency Lake Washington At SeattleS Southport,Hyatt At Olive 8,Renaissance Seattle Hotel,Hyatt House Seattle
Kimpton Alexis Hotel,Holiday Inn Seattle Downtown,Kimpton Palladian Hotel,Best Western Plus Pioneer Square Hotel Downtown,Chittenden House Bed and Breakfast,Kimpton Hotel Vintage Seattle,Civic Hotel,Homewood Suites by Hilton Seattle Downtown,Seattle Marriott Waterfront,Holiday Inn Express & Suites North Seattle - Shoreline,Executive Hotel Pacific
Hotel Max,Hotel Theodore,Residence Inn by Marriott Seattle Downtown/Convention Center,The State Hotel,The Westin Seattle,W Seattle,Stay Alfred on Elliott Avenue,"The Charter Hotel Seattle, Curio Collection by Hilton",Sheraton Grand Seattle,Palihotel Seattle,Executive Hotel Pacific
Ace Hotel Seattle,Hotel Andra,Kimpton Palladian Hotel,Days Inn Seattle South Tukwila,Hotel Five - A Staypineapple Hotel,Civic Hotel,Residence Inn by Marriott Seattle Downtown/Convention Center,The Paramount Hotel Seattle,Hotel Theodore,Hotel Seattle,"The Sound Hotel Seattle Belltown, Tapestry Collection by Hilton"
Seattle Marriott Waterfront,Gand Hyatt Seattle,"The Charter Hotel Seattle, Curio Collection by Hilton",Courtyard by Marriott Seattle Downtown/Pioneer Square,Inn at the Market,The Edgewater Hotel Seattle,Homewood Suites by Hilton Seattle Downtown,Residence Inn by Marriott Seattle Downtown/Lake Union,Holiday Inn Express & Suites Seattle-City Center,SpringHill Suites Seattle Downtown,Hyatt Place Seattle
The Edgewater Hotel Seattle,Holiday Inn Seattle Downtown,Silver Cloud Hotel - Seattle Stadium,"Loews Hotel 1000, Seattle",Homewood Suites by Hilton Seattle Downtown,Inn at the Market,Fairmont Olympic Hotel,Seattle Marriott Waterfront,Best Western Plus Pioneer Square Hotel Downtown,The Paramount Hotel Seattle,Renaissance Seattle Hotel
SpringHill Suites Seattle Downtown,Staybridge Suites Seattle Downtown - Lake Union,Residence Inn by Marriott Seattle Downtown/Lake Union,Silver Cloud Inn - Seattle Lake Union,Residence Inn by Marriott Seattle Downtown/Convention Center,Homewood Suites by Hilton Seattle Downtown,Days Inn Seattle South Tukwila,Holiday Inn Express & Suites North Seattle - Shoreline,Holiday Inn Express & Suites Seattle-City Center,Homewood Suites by Hilton Seattle Convention Center Pike Street,Courtyard by Marriott Seattle Downtown/Pioneer Square
Fairmont Olympic Hotel,The Edgewater Hotel Seattle,"Loews Hotel 1000, Seattle",Inn at Queen Anne,Holiday Inn Seattle Downtown,Renaissance Seattle Hotel,Residence Inn by Marriott Seattle Downtown/Lake Union,Executive Inn By The Space Needle,Seattle Marriott Waterfront,Mayflower Park Hotel,Holiday Inn Express & Suites Seattle-City Center
La Quinta Inn & Suites Seattle Downtown,Best Western Plus Pioneer Square Hotel Downtown,Holiday Inn Express & Suites Seattle-City Center,Best Western Seattle Airport Hotel,Kimpton Hotel Monaco Seattle ,Holiday Inn Seattle Downtown,Kings Inn,Hyatt Regency Lake Washington At SeattleS Southport,Renaissance Seattle Hotel,Holiday Inn Express & Suites North Seattle - Shoreline,Hampton Inn Seattle-Airport
Embassy Suites by Hilton Seattle Downtown Pioneer Square,Best Western Plus Pioneer Square Hotel Downtown,Homewood Suites by Hilton Seattle Convention Center Pike Street,Kimpton Hotel Monaco Seattle ,Staybridge Suites Seattle - Fremont,Hyatt House Seattle,Holiday Inn Express & Suites Seattle-City Center,Residence Inn by Marriott Seattle Downtown/Convention Center,Holiday Inn Seattle Downtown,Silver Cloud Hotel - Seattle Stadium,Homewood Suites by Hilton Seattle-Tacoma Airport/Tukwila
Pan Pacific Seattle,Gand Hyatt Seattle,Econo Lodge SeaTac Airport North,Stay Alfred on 4th Avenue,Holiday Inn Seattle Downtown,Econo Lodge Renton-Bellevue,Hotel Theodore,Days Inn Seattle South Tukwila,Travelodge Seattle by The Space Needle,Holiday Inn Express & Suites North Seattle - Shoreline,Hotel Five - A Staypineapple Hotel
Kimpton Hotel Vintage Seattle,Kimpton Hotel Monaco Seattle ,"Country Inn & Suites by Radisson, Seattle-Tacoma International Airport",Executive Hotel Pacific,Inn at the WAC,Econo Lodge SeaTac Airport North,11th Avenue Inn Bed and Breakfast,Homewood Suites by Hilton Seattle-Tacoma Airport/Tukwila,Four Points by Sheraton Seattle Airport South,Hostelling International Seattle at the American Hotel,Quality Inn & Suites Seattle Center
Hyatt Place Seattle,Hyatt House Seattle,Gand Hyatt Seattle,Inn at the Market,Hyatt Regency Lake Washington At SeattleS Southport,Hampton Inn Seattle-Airport,Holiday Inn Seattle Downtown,Seattle Marriott Waterfront,Hotel Seattle,Executive Inn By The Space Needle,Four Points by Sheraton Seattle Airport South
Hyatt House Seattle,Hyatt Place Seattle,Hyatt Regency Lake Washington At SeattleS Southport,Gand Hyatt Seattle,The Bacon Mansion Bed and Breakfast,Chittenden House Bed and Breakfast,Embassy Suites by Hilton Seattle Downtown Pioneer Square,Executive Inn By The Space Needle,Hyatt At Olive 8,Embassy Suites by Hilton Seattle Tacoma International Airport,Quality Inn & Suites Seattle Center
Inn at the Market,11th Avenue Inn Bed and Breakfast,Inn at Queen Anne,Gand Hyatt Seattle,Renaissance Seattle Hotel,Holiday Inn Seattle Downtown,Hampton Inn Seattle-Airport,Executive Inn By The Space Needle,Hyatt Place Seattle,Holiday Inn Express & Suites Seattle-City Center,Hotel Seattle
Moxy Seattle Downtown,Staybridge Suites Seattle Downtown - Lake Union,Silver Cloud Inn - Seattle Lake Union,Embassy Suites by Hilton Seattle Downtown Pioneer Square,Residence Inn by Marriott Seattle Downtown/Lake Union,Residence Inn by Marriott Seattle Downtown/Convention Center,The Loyal Inn,Hilton Garden Seattle Downtown,The Westin Seattle,Hyatt Regency Seattle,EVEN Hotel Seattle - South Lake Union
Thompson Seattle,Inn at the Market,Gand Hyatt Seattle,Motif Seattle,Hyatt At Olive 8,Executive Inn By The Space Needle,The Westin Seattle,Homewood Suites by Hilton Seattle Downtown,Hyatt Place Seattle,Holiday Inn Express & Suites Seattle-City Center,Civic Hotel
Holiday Inn Seattle Downtown,Holiday Inn Express & Suites Seattle-City Center,Silver Cloud Hotel - Seattle Stadium,Holiday Inn Express & Suites North Seattle - Shoreline,Best Western Plus Pioneer Square Hotel Downtown,Executive Inn By The Space Needle,Inn at Queen Anne,Travelodge Seattle by The Space Needle,Renaissance Seattle Hotel,11th Avenue Inn Bed and Breakfast,Red Roof Inn Seattle Airport - SEATAC
Executive Hotel Pacific,Silver Cloud Hotel - Seattle Stadium,Renaissance Seattle Hotel,Inn at the Market,Kimpton Hotel Vintage Seattle,Courtyard by Marriott Seattle Downtown/Pioneer Square,Kimpton Hotel Monaco Seattle ,Homewood Suites by Hilton Seattle Downtown,Best Western Plus Pioneer Square Hotel Downtown,Holiday Inn Seattle Downtown,Inn at Queen Anne
Hotel Andra,Staybridge Suites Seattle Downtown - Lake Union,Staybridge Suites Seattle - Fremont,The Arctic Club Seattle - a DoubleTree by Hilton Hotel,Talaris Conference Center,Residence Inn by Marriott Seattle Downtown/Lake Union,The Paramount Hotel Seattle,Silver Cloud Inn - Seattle Lake Union,Civic Hotel,The Edgewater Hotel Seattle,Hotel Seattle
Residence Inn by Marriott Seattle Downtown/Convention Center,Residence Inn by Marriott Seattle Downtown/Lake Union,Homewood Suites by Hilton Seattle-Tacoma Airport/Tukwila,Homewood Suites by Hilton Seattle Convention Center Pike Street,"Country Inn & Suites by Radisson, Seattle-Tacoma International Airport",Renaissance Seattle Hotel,Holiday Inn Express & Suites Seattle-City Center,SpringHill Suites Seattle Downtown,Comfort Inn & Suites,Embassy Suites by Hilton Seattle Tacoma International Airport,Ramada by Wyndham SeaTac Airport
Best Western Plus Pioneer Square Hotel Downtown,Holiday Inn Seattle Downtown,Best Western Seattle Airport Hotel,Silver Cloud Hotel - Seattle Stadium,Holiday Inn Express & Suites Seattle-City Center,Quality Inn & Suites Seattle Center,The Arctic Club Seattle - a DoubleTree by Hilton Hotel,Mildred's Bed and Breakfast,La Quinta Inn & Suites Seattle Downtown,The Loyal Inn,Hampton Inn Seattle/Southcenter
Travelodge Seattle by The Space Needle,Holiday Inn Seattle Downtown,Days Inn Seattle South Tukwila,Holiday Inn Express & Suites Seattle-City Center,"Country Inn & Suites by Radisson, Seattle-Tacoma International Airport",Quality Inn & Suites Seattle Center,Executive Inn By The Space Needle,Residence Inn by Marriott Seattle Downtown/Convention Center,Hampton Inn Seattle/Southcenter,The Loyal Inn,The Arctic Club Seattle - a DoubleTree by Hilton Hotel
Homewood Suites by Hilton Seattle Convention Center Pike Street,Homewood Suites by Hilton Seattle Downtown,Homewood Suites by Hilton Seattle-Tacoma Airport/Tukwila,Residence Inn by Marriott Seattle Downtown/Lake Union,Holiday Inn Express & Suites Seattle-City Center,Embassy Suites by Hilton Seattle Tacoma International Airport,Residence Inn by Marriott Seattle Downtown/Convention Center,Staybridge Suites Seattle Downtown - Lake Union,Home2 Suites by Hilton Seattle Airport,Staybridge Suites Seattle - Fremont,University Motel Suites
Hyatt Regency Seattle,Hotel Seattle,"The Charter Hotel Seattle, Curio Collection by Hilton",The Arctic Club Seattle - a DoubleTree by Hilton Hotel,Hyatt Regency Lake Washington At SeattleS Southport,Gand Hyatt Seattle,Hilton Seattle,Holiday Inn Express & Suites Seattle-City Center,Quality Inn & Suites Seattle Center,Residence Inn by Marriott Seattle Downtown/Convention Center,Hilton Garden Seattle Downtown
Hotel Sorrento,The Arctic Club Seattle - a DoubleTree by Hilton Hotel,Hotel Five - A Staypineapple Hotel,Hotel Hotel,Cedarbrook Lodge,"The Charter Hotel Seattle, Curio Collection by Hilton",Embassy Suites by Hilton Seattle Tacoma International Airport,City Hostel Seattle,Hotel Seattle,Ballard Inn,W Seattle
City Hostel Seattle,Mozart Guest House,Hotel Seattle,Green Tortoise Hostel Seattle,Hotel Hotel,11th Avenue Inn Bed and Breakfast,"Country Inn & Suites by Radisson, Seattle-Tacoma International Airport","The Charter Hotel Seattle, Curio Collection by Hilton",Stay Alfred on Wall Street,Stay Alfred on 4th Avenue,Hotel Five - A Staypineapple Hotel
Holiday Inn Express & Suites Seattle-City Center,Holiday Inn Express & Suites North Seattle - Shoreline,Holiday Inn Seattle Downtown,Comfort Inn & Suites,Residence Inn by Marriott Seattle Downtown/Lake Union,Best Western Seattle Airport Hotel,The Loyal Inn,Homewood Suites by Hilton Seattle Downtown,Days Inn Seattle South Tukwila,Quality Inn & Suites Seattle Center,University Motel Suites
Staybridge Suites Seattle - Fremont,Staybridge Suites Seattle Downtown - Lake Union,Homewood Suites by Hilton Seattle-Tacoma Airport/Tukwila,Holiday Inn Express & Suites Seattle-City Center,Residence Inn by Marriott Seattle Downtown/Lake Union,Homewood Suites by Hilton Seattle Convention Center Pike Street,Holiday Inn Seattle Downtown,Silver Cloud Inn - Seattle Lake Union,Best Western Seattle Airport Hotel,University Motel Suites,Homewood Suites by Hilton Seattle Downtown
Mayflower Park Hotel,Best Western Plus Pioneer Square Hotel Downtown,Best Western Seattle Airport Hotel,Renaissance Seattle Hotel,Civic Hotel,Silver Cloud Hotel - Seattle Stadium,Red Roof Inn Seattle Airport - SEATAC,Red Lion Hotel Seattle Airport Sea-Tac,The Arctic Club Seattle - a DoubleTree by Hilton Hotel,Homewood Suites by Hilton Seattle-Tacoma Airport/Tukwila,Hotel Seattle
The Inn at El Gaucho,Inn at the Market,Inn at Queen Anne,Residence Inn by Marriott Seattle Downtown/Lake Union,11th Avenue Inn Bed and Breakfast,University Inn - A Staypineapple Hotel,Kings Inn,Quality Inn & Suites Seattle Center,Inn at the WAC,Red Roof Inn Seattle Airport - SEATAC,Nites Inn Motel
Palihotel Seattle,Inn at the Market,MarQueen Hotel,Inn at Queen Anne,The Westin Seattle,Residence Inn by Marriott Seattle Downtown/Convention Center,The State Hotel,"Loews Hotel 1000, Seattle","The Charter Hotel Seattle, Curio Collection by Hilton",Seattle Marriott Waterfront,Renaissance Seattle Hotel
Courtyard by Marriott Seattle Downtown/Pioneer Square,The Arctic Club Seattle - a DoubleTree by Hilton Hotel,Seattle Marriott Waterfront,Four Points by Sheraton Downtown Seattle Center,SpringHill Suites Seattle Downtown,Renaissance Seattle Hotel,Quality Inn & Suites Seattle Center,Crowne Plaza Seattle Airport,Executive Hotel Pacific,Silver Cloud Hotel - Seattle Stadium,Embassy Suites by Hilton Seattle Tacoma International Airport
The Arctic Club Seattle - a DoubleTree by Hilton Hotel,Quality Inn & Suites Seattle Center,Silver Cloud Hotel - Seattle Stadium,Best Western Plus Pioneer Square Hotel Downtown,Courtyard by Marriott Seattle Downtown/Pioneer Square,Holiday Inn Express & Suites North Seattle - Shoreline,Residence Inn by Marriott Seattle Downtown/Lake Union,Renaissance Seattle Hotel,"The Charter Hotel Seattle, Curio Collection by Hilton",DoubleTree by Hilton Hotel Seattle Airport,Embassy Suites by Hilton Seattle Tacoma International Airport
Sheraton Bellevue Hotel,Sheraton Grand Seattle,DoubleTree by Hilton Hotel Seattle Airport,Inn at the WAC,Hyatt Regency Seattle,Four Points by Sheraton Downtown Seattle Center,Gand Hyatt Seattle,"Loews Hotel 1000, Seattle",The Arctic Club Seattle - a DoubleTree by Hilton Hotel,"The Charter Hotel Seattle, Curio Collection by Hilton",Mildred's Bed and Breakfast
Inn at Queen Anne,MarQueen Hotel,Holiday Inn Seattle Downtown,11th Avenue Inn Bed and Breakfast,Inn at the Market,Silver Cloud Hotel - Seattle Stadium,Holiday Inn Express & Suites North Seattle - Shoreline,The Halcyon Suite Du Jour,Holiday Inn Express & Suites Seattle-City Center,Quality Inn & Suites Seattle Center,Residence Inn by Marriott Seattle Downtown/Lake Union
Aloft Seattle Redmond,EVEN Hotel Seattle - South Lake Union,Residence Inn by Marriott Seattle Downtown/Convention Center,Holiday Inn Express & Suites Seattle-City Center,La Quinta by Wyndham Seattle Sea-Tac Airport,Days Inn Seattle South Tukwila,Hampton Inn Seattle/Southcenter,Holiday Inn Express & Suites North Seattle - Shoreline,Homewood Suites by Hilton Seattle-Tacoma Airport/Tukwila,Renaissance Seattle Hotel,DoubleTree by Hilton Hotel Seattle Airport
Seattle Airport Marriott,Homewood Suites by Hilton Seattle-Tacoma Airport/Tukwila,Embassy Suites by Hilton Seattle Tacoma International Airport,Red Roof Inn Seattle Airport - SEATAC,"Country Inn & Suites by Radisson, Seattle-Tacoma International Airport",DoubleTree by Hilton Hotel Seattle Airport,Hampton Inn Seattle/Southcenter,Four Points by Sheraton Seattle Airport South,Comfort Inn & Suites,Red Lion Hotel Seattle Airport Sea-Tac,Hampton Inn Seattle-Airport
Hilton Seattle Airport & Conference Center,Embassy Suites by Hilton Seattle Tacoma International Airport,DoubleTree by Hilton Hotel Seattle Airport,Seattle Airport Marriott,Four Points by Sheraton Downtown Seattle Center,Clarion Hotel Seattle Airport,Econo Lodge SeaTac Airport North,Best Western Seattle Airport Hotel,Hampton Inn Seattle-Airport,Homewood Suites by Hilton Seattle-Tacoma Airport/Tukwila,Motel 6 Seattle Sea-Tac Airport South
Crowne Plaza Seattle Airport,Embassy Suites by Hilton Seattle Tacoma International Airport,Best Western Seattle Airport Hotel,Homewood Suites by Hilton Seattle-Tacoma Airport/Tukwila,Holiday Inn Seattle Downtown,Four Points by Sheraton Seattle Airport South,DoubleTree by Hilton Hotel Seattle Airport,Clarion Hotel Seattle Airport,Red Lion Hotel Seattle Airport Sea-Tac,Hampton Inn Seattle-Airport,Courtyard by Marriott Seattle Downtown/Pioneer Square
Radisson Hotel Seattle Airport,"Country Inn & Suites by Radisson, Seattle-Tacoma International Airport",Motel 6 Seattle Sea-Tac Airport South,Clarion Hotel Seattle Airport,Red Roof Inn Seattle Airport - SEATAC,Best Western Seattle Airport Hotel,Homewood Suites by Hilton Seattle-Tacoma Airport/Tukwila,Ramada by Wyndham SeaTac Airport,Days Inn Seattle South Tukwila,La Quinta by Wyndham Seattle Sea-Tac Airport,Coast Gateway Hotel
DoubleTree by Hilton Hotel Seattle Airport,Embassy Suites by Hilton Seattle Tacoma International Airport,Homewood Suites by Hilton Seattle-Tacoma Airport/Tukwila,Best Western Seattle Airport Hotel,The Arctic Club Seattle - a DoubleTree by Hilton Hotel,Hilton Seattle Airport & Conference Center,Motel 6 Seattle Sea-Tac Airport South,"Country Inn & Suites by Radisson, Seattle-Tacoma International Airport",Days Inn Seattle South Tukwila,Red Lion Hotel Seattle Airport Sea-Tac,Seattle Airport Marriott
Ramada by Wyndham SeaTac Airport,Motel 6 Seattle Sea-Tac Airport South,Red Roof Inn Seattle Airport - SEATAC,Comfort Inn & Suites,Econo Lodge SeaTac Airport North,"Country Inn & Suites by Radisson, Seattle-Tacoma International Airport",Best Western Seattle Airport Hotel,Quality Inn & Suites Seattle Center,Clarion Hotel Seattle Airport,Radisson Hotel Seattle Airport,Knights Inn Tukwila
La Quinta by Wyndham Seattle Sea-Tac Airport,Days Inn Seattle South Tukwila,Best Western Seattle Airport Hotel,Radisson Hotel Seattle Airport,Holiday Inn Seattle Downtown,Homewood Suites by Hilton Seattle-Tacoma Airport/Tukwila,Holiday Inn Express & Suites Seattle-City Center,Econo Lodge SeaTac Airport North,Red Roof Inn Seattle Airport - SEATAC,Hampton Inn Seattle-Airport,Homewood Suites by Hilton Seattle Downtown
Clarion Hotel Seattle Airport,Comfort Inn & Suites,Econo Lodge SeaTac Airport North,Best Western Seattle Airport Hotel,Red Roof Inn Seattle Airport - SEATAC,Quality Inn & Suites Seattle Center,Radisson Hotel Seattle Airport,Embassy Suites by Hilton Seattle Tacoma International Airport,Homewood Suites by Hilton Seattle-Tacoma Airport/Tukwila,Ramada by Wyndham SeaTac Airport,Red Lion Hotel Seattle Airport Sea-Tac
Best Western Seattle Airport Hotel,Homewood Suites by Hilton Seattle-Tacoma Airport/Tukwila,Red Roof Inn Seattle Airport - SEATAC,Best Western Plus Pioneer Square Hotel Downtown,Four Points by Sheraton Seattle Airport South,Clarion Hotel Seattle Airport,Holiday Inn Express & Suites Seattle-City Center,Red Lion Hotel Seattle Airport Sea-Tac,Econo Lodge SeaTac Airport North,Knights Inn Tukwila,"Country Inn & Suites by Radisson, Seattle-Tacoma International Airport"
Red Lion Hotel Seattle Airport Sea-Tac,Red Roof Inn Seattle Airport - SEATAC,Best Western Seattle Airport Hotel,Homewood Suites by Hilton Seattle-Tacoma Airport/Tukwila,Clarion Hotel Seattle Airport,Econo Lodge SeaTac Airport North,Hampton Inn Seattle-Airport,Radisson Hotel Seattle Airport,Four Points by Sheraton Seattle Airport South,DoubleTree by Hilton Hotel Seattle Airport,Motel 6 Seattle Sea-Tac Airport South
Cedarbrook Lodge,Econo Lodge SeaTac Airport North,Renaissance Seattle Hotel,Red Roof Inn Seattle Airport - SEATAC,Hotel Sorrento,Courtyard by Marriott Seattle Downtown/Pioneer Square,La Quinta Inn & Suites Seattle Downtown,Ramada by Wyndham SeaTac Airport,Holiday Inn Express & Suites Seattle-City Center,The Westin Seattle,Residence Inn by Marriott Seattle Downtown/Convention Center
Red Roof Inn Seattle Airport - SEATAC,Red Lion Hotel Seattle Airport Sea-Tac,Econo Lodge SeaTac Airport North,"Country Inn & Suites by Radisson, Seattle-Tacoma International Airport",Best Western Seattle Airport Hotel,Ramada by Wyndham SeaTac Airport,Homewood Suites by Hilton Seattle-Tacoma Airport/Tukwila,Clarion Hotel Seattle Airport,Comfort Inn & Suites,Knights Inn Tukwila,Radisson Hotel Seattle Airport
Hampton Inn Seattle-Airport,Homewood Suites by Hilton Seattle-Tacoma Airport/Tukwila,Hampton Inn Seattle/Southcenter,Best Western Seattle Airport Hotel,Inn at the Market,Four Points by Sheraton Seattle Airport South,Red Lion Hotel Seattle Airport Sea-Tac,Hotel Seattle,Clarion Hotel Seattle Airport,Days Inn Seattle South Tukwila,La Quinta by Wyndham Seattle Sea-Tac Airport
Coast Gateway Hotel,Econo Lodge SeaTac Airport North,Red Roof Inn Seattle Airport - SEATAC,Radisson Hotel Seattle Airport,Comfort Inn & Suites,Ramada by Wyndham SeaTac Airport,Clarion Hotel Seattle Airport,Best Western Seattle Airport Hotel,Days Inn Seattle South Tukwila,"Country Inn & Suites by Radisson, Seattle-Tacoma International Airport",Renaissance Seattle Hotel
Embassy Suites by Hilton Seattle Tacoma International Airport,Homewood Suites by Hilton Seattle-Tacoma Airport/Tukwila,DoubleTree by Hilton Hotel Seattle Airport,Hampton Inn Seattle/Southcenter,Clarion Hotel Seattle Airport,Best Western Seattle Airport Hotel,Four Points by Sheraton Seattle Airport South,Homewood Suites by Hilton Seattle Convention Center Pike Street,Executive Inn By The Space Needle,Crowne Plaza Seattle Airport,Red Roof Inn Seattle Airport - SEATAC
Home2 Suites by Hilton Seattle Airport,Homewood Suites by Hilton Seattle-Tacoma Airport/Tukwila,Homewood Suites by Hilton Seattle Convention Center Pike Street,Embassy Suites by Hilton Seattle Tacoma International Airport,DoubleTree by Hilton Hotel Seattle Airport,Best Western Seattle Airport Hotel,Residence Inn by Marriott Seattle Downtown/Lake Union,Homewood Suites by Hilton Seattle Downtown,Clarion Hotel Seattle Airport,Days Inn Seattle South Tukwila,Comfort Inn & Suites
"Country Inn & Suites by Radisson, Seattle-Tacoma International Airport",Radisson Hotel Seattle Airport,Red Roof Inn Seattle Airport - SEATAC,Motel 6 Seattle Sea-Tac Airport South,Four Points by Sheraton Seattle Airport South,Homewood Suites by Hilton Seattle-Tacoma Airport/Tukwila,Comfort Inn & Suites,Ramada by Wyndham SeaTac Airport,Best Western Seattle Airport Hotel,Hampton Inn Seattle/Southcenter,Clarion Hotel Seattle Airport
Four Points by Sheraton Seattle Airport South,Homewood Suites by Hilton Seattle-Tacoma Airport/Tukwila,Best Western Seattle Airport Hotel,"Country Inn & Suites by Radisson, Seattle-Tacoma International Airport",Knights Inn Tukwila,Motel 6 Seattle Sea-Tac Airport South,Embassy Suites by Hilton Seattle Tacoma International Airport,Red Roof Inn Seattle Airport - SEATAC,Hampton Inn Seattle-Airport,Red Lion Hotel Seattle Airport Sea-Tac,Clarion Hotel Seattle Airport
Homewood Suites by Hilton Seattle-Tacoma Airport/Tukwila,Best Western Seattle Airport Hotel,Embassy Suites by Hilton Seattle Tacoma International Airport,Homewood Suites by Hilton Seattle Convention Center Pike Street,Home2 Suites by Hilton Seattle Airport,Four Points by Sheraton Seattle Airport South,Red Roof Inn Seattle Airport - SEATAC,Hampton Inn Seattle-Airport,Homewood Suites by Hilton Seattle Downtown,DoubleTree by Hilton Hotel Seattle Airport,"Country Inn & Suites by Radisson, Seattle-Tacoma International Airport"
Motel 6 Seattle Sea-Tac Airport South,Radisson Hotel Seattle Airport,Ramada by Wyndham SeaTac Airport,"Country Inn & Suites by Radisson, Seattle-Tacoma International Airport",Four Points by Sheraton Seattle Airport South,Emerald Motel,Crown Inn Motel,Red Roof Inn Seattle Airport - SEATAC,Best Western Seattle Airport Hotel,Seattle Inn Northgate,Nites Inn Motel
Hostelling International Seattle at the American Hotel,Emerald Motel,Marco Polo Motel,Columbus Motor Inn,Nites Inn Motel,The Halcyon Suite Du Jour,Kimpton Hotel Vintage Seattle,"Country Inn & Suites by Radisson, Seattle-Tacoma International Airport",Best Western Seattle Airport Hotel,Four Points by Sheraton Seattle Airport South,Hotel Hotel
Green Tortoise Hostel Seattle,City Hostel Seattle,Hotel Hotel,Hostelling International Seattle at the American Hotel,Roy Street Commons,Hampton Inn Seattle/Southcenter,Kings Inn,La Quinta by Wyndham Seattle Sea-Tac Airport,Staybridge Suites Seattle Downtown - Lake Union,The State Hotel,"Country Inn & Suites by Radisson, Seattle-Tacoma International Airport"
Days Inn Seattle South Tukwila,La Quinta by Wyndham Seattle Sea-Tac Airport,Travelodge Seattle by The Space Needle,Holiday Inn Express & Suites Seattle-City Center,Holiday Inn Seattle Downtown,Comfort Inn & Suites,Homewood Suites by Hilton Seattle Downtown,Radisson Hotel Seattle Airport,Homewood Suites by Hilton Seattle-Tacoma Airport/Tukwila,"Country Inn & Suites by Radisson, Seattle-Tacoma International Airport",The Baroness Hotel
Econo Lodge SeaTac Airport North,Econo Lodge Renton-Bellevue,Red Roof Inn Seattle Airport - SEATAC,Clarion Hotel Seattle Airport,Comfort Inn & Suites,Ramada by Wyndham SeaTac Airport,Coast Gateway Hotel,Best Western Seattle Airport Hotel,Renaissance Seattle Hotel,Travelodge by Wyndham Seattle North of Downtown,Homewood Suites by Hilton Seattle-Tacoma Airport/Tukwila
Days Inn by Wyndham Seattle North of Downtown,Travelodge by Wyndham Seattle North of Downtown,Americas Best Value Inn Shoreline / Seattle North,Staybridge Suites Seattle - Fremont,Residence Inn by Marriott Seattle Downtown/Lake Union,Econo Lodge Renton-Bellevue,La Quinta by Wyndham Seattle Sea-Tac Airport,Staybridge Suites Seattle Downtown - Lake Union,La Quinta Inn & Suites Seattle Downtown,Inn at the Market,11th Avenue Inn Bed and Breakfast
Travelodge by Wyndham Seattle North of Downtown,Travelodge by Wyndham Seattle University,University Inn - A Staypineapple Hotel,Days Inn by Wyndham Seattle North of Downtown,Holiday Inn Express & Suites North Seattle - Shoreline,Residence Inn by Marriott Seattle Downtown/Lake Union,Econo Lodge SeaTac Airport North,Silver Cloud Inn - Seattle Lake Union,University Motel Suites,Holiday Inn Express & Suites Seattle-City Center,The Loyal Inn
Comfort Inn & Suites,Clarion Hotel Seattle Airport,Quality Inn & Suites Seattle Center,Ramada by Wyndham SeaTac Airport,Holiday Inn Express & Suites Seattle-City Center,Econo Lodge SeaTac Airport North,"Country Inn & Suites by Radisson, Seattle-Tacoma International Airport",Red Roof Inn Seattle Airport - SEATAC,Days Inn Seattle South Tukwila,Homewood Suites by Hilton Seattle-Tacoma Airport/Tukwila,Best Western Seattle Airport Hotel
MarQueen Hotel,Inn at Queen Anne,Holiday Inn Seattle Downtown,Holiday Inn Express & Suites Seattle-City Center,Civic Hotel,Hilton Garden Seattle Downtown,11th Avenue Inn Bed and Breakfast,Palihotel Seattle,Best Western Plus Pioneer Square Hotel Downtown,EVEN Hotel Seattle - South Lake Union,Homewood Suites by Hilton Seattle Downtown
Roy Street Commons,Kings Inn,Hotel Hotel,"Country Inn & Suites by Radisson, Seattle-Tacoma International Airport",Nites Inn Motel,Days Inn Seattle South Tukwila,Holiday Inn Express & Suites Seattle-City Center,Marco Polo Motel,Comfort Inn & Suites,Columbus Motor Inn,Emerald Motel
Hotel Seattle,11th Avenue Inn Bed and Breakfast,Crown Inn Motel,Hyatt Regency Seattle,"The Charter Hotel Seattle, Curio Collection by Hilton",City Hostel Seattle,Red Roof Inn Seattle Airport - SEATAC,Holiday Inn Express & Suites Seattle-City Center,Silver Cloud Hotel - Seattle Stadium,Holiday Inn Seattle Downtown,Quality Inn & Suites Seattle Center
Columbus Motor Inn,Marco Polo Motel,Emerald Motel,Nites Inn Motel,Hostelling International Seattle at the American Hotel,The Halcyon Suite Du Jour,Hotel Seattle,Motel 6 Seattle Sea-Tac Airport South,"Country Inn & Suites by Radisson, Seattle-Tacoma International Airport",Comfort Inn & Suites,Hampton Inn Seattle-Airport
Holiday Inn Express & Suites North Seattle - Shoreline,Holiday Inn Express & Suites Seattle-City Center,Holiday Inn Seattle Downtown,Residence Inn by Marriott Seattle Downtown/Lake Union,Travelodge by Wyndham Seattle North of Downtown,Best Western Seattle Airport Hotel,Quality Inn & Suites Seattle Center,Homewood Suites by Hilton Seattle-Tacoma Airport/Tukwila,Executive Inn By The Space Needle,Homewood Suites by Hilton Seattle Downtown,Comfort Inn & Suites
Travelodge by Wyndham Seattle University,Travelodge by Wyndham Seattle North of Downtown,University Inn - A Staypineapple Hotel,Talaris Conference Center,University Motel Suites,Holiday Inn Express & Suites Seattle-City Center,Quality Inn & Suites Seattle Center,Comfort Inn & Suites,Mildred's Bed and Breakfast,Silver Cloud Hotel - Seattle Broadway,Watertown Hotel - A Staypineapple Hotel
Crown Inn Motel,Seattle Inn Northgate,Emerald Motel,Hotel Seattle,Nites Inn Motel,Motel 6 Seattle Sea-Tac Airport South,Quality Inn & Suites Seattle Center,University Motel Suites,The Baroness Hotel,Comfort Inn & Suites,New La Hacienda Motel
Seattle Inn Northgate,Crown Inn Motel,Motel 6 Seattle Sea-Tac Airport South,Emerald Motel,New La Hacienda Motel,University Motel Suites,Nites Inn Motel,The Baroness Hotel,Hotel Seattle,Marco Polo Motel,Travelodge by Wyndham Seattle North of Downtown
Marco Polo Motel,Columbus Motor Inn,Emerald Motel,Nites Inn Motel,Hostelling International Seattle at the American Hotel,The Halcyon Suite Du Jour,Motel 6 Seattle Sea-Tac Airport South,Crown Inn Motel,New La Hacienda Motel,University Motel Suites,Seattle Inn Northgate
Ballard Inn,Inn at the Market,The Inn at Virginia Mason,Inn at Queen Anne,11th Avenue Inn Bed and Breakfast,Staybridge Suites Seattle - Fremont,University Inn - A Staypineapple Hotel,Civic Hotel,Georgetown Inn,Bed and Breakfast Inn Seattle,Hotel Sorrento
The Loyal Inn,Holiday Inn Express & Suites Seattle-City Center,Residence Inn by Marriott Seattle Downtown/Lake Union,Silver Cloud Inn - Seattle Lake Union,Staybridge Suites Seattle Downtown - Lake Union,Holiday Inn Seattle Downtown,Homewood Suites by Hilton Seattle-Tacoma Airport/Tukwila,Best Western Plus Pioneer Square Hotel Downtown,The Baroness Hotel,Quality Inn & Suites Seattle Center,Best Western Seattle Airport Hotel
Kings Inn,Comfort Inn & Suites,"Country Inn & Suites by Radisson, Seattle-Tacoma International Airport",Clarion Hotel Seattle Airport,Econo Lodge SeaTac Airport North,Inn at the Market,La Quinta Inn & Suites Seattle Downtown,Holiday Inn Express & Suites Seattle-City Center,Holiday Inn Seattle Downtown,Americas Best Value Inn Shoreline / Seattle North,Ramada by Wyndham SeaTac Airport
New La Hacienda Motel,Seattle Inn Northgate,Emerald Motel,Nites Inn Motel,Crown Inn Motel,Motel 6 Seattle Sea-Tac Airport South,Silver Cloud Hotel - Seattle Stadium,University Motel Suites,Red Roof Inn Seattle Airport - SEATAC,Clarion Hotel Seattle Airport,Four Points by Sheraton Seattle Airport South
Nites Inn Motel,Emerald Motel,Marco Polo Motel,Columbus Motor Inn,Hostelling International Seattle at the American Hotel,The Halcyon Suite Du Jour,Crown Inn Motel,Motel 6 Seattle Sea-Tac Airport South,New La Hacienda Motel,Hotel Seattle,University Motel Suites
Americas Best Value Inn Shoreline / Seattle North,Comfort Inn & Suites,Travelodge by Wyndham Seattle North of Downtown,Days Inn by Wyndham Seattle North of Downtown,Kings Inn,Best Western Plus Pioneer Square Hotel Downtown,Days Inn Seattle South Tukwila,University Inn - A Staypineapple Hotel,Econo Lodge SeaTac Airport North,Hampton Inn Seattle/Southcenter,Hotel Seattle
Knights Inn Tukwila,Four Points by Sheraton Seattle Airport South,Best Western Seattle Airport Hotel,Red Roof Inn Seattle Airport - SEATAC,Homewood Suites by Hilton Seattle-Tacoma Airport/Tukwila,Motel 6 Seattle Sea-Tac Airport South,Ramada by Wyndham SeaTac Airport,Radisson Hotel Seattle Airport,"Country Inn & Suites by Radisson, Seattle-Tacoma International Airport",Red Lion Hotel Seattle Airport Sea-Tac,Econo Lodge SeaTac Airport North
Extended Stay America - Seattle - Northgat,Residence Inn by Marriott Seattle Downtown/Lake Union,Residence Inn by Marriott Seattle Downtown/Convention Center,Ramada by Wyndham SeaTac Airport,Homewood Suites by Hilton Seattle Downtown,Renaissance Seattle Hotel,Best Western Seattle Airport Hotel,The Baroness Hotel,Homewood Suites by Hilton Seattle-Tacoma Airport/Tukwila,Homewood Suites by Hilton Seattle Convention Center Pike Street,Embassy Suites by Hilton Seattle Tacoma International Airport
University Motel Suites,Holiday Inn Express & Suites Seattle-City Center,Emerald Motel,Travelodge by Wyndham Seattle University,Crown Inn Motel,Travelodge by Wyndham Seattle North of Downtown,University Inn - A Staypineapple Hotel,Seattle Inn Northgate,Homewood Suites by Hilton Seattle Convention Center Pike Street,Comfort Inn & Suites,The Baroness Hotel
Graduate Seattle,University Inn - A Staypineapple Hotel,Motif Seattle,Best Western Plus Pioneer Square Hotel Downtown,Stay Alfred on Wall Street,City Hostel Seattle,Gand Hyatt Seattle,Quality Inn & Suites Seattle Center,Hyatt Regency Seattle,Hampton Inn Seattle/Southcenter,Holiday Inn Express & Suites Seattle-City Center
Econo Lodge Renton-Bellevue,Econo Lodge SeaTac Airport North,Comfort Inn & Suites,Quality Inn & Suites Seattle Center,Clarion Hotel Seattle Airport,Best Western Seattle Airport Hotel,Holiday Inn Express & Suites Seattle-City Center,Travelodge Seattle by The Space Needle,Red Roof Inn Seattle Airport - SEATAC,La Quinta by Wyndham Seattle Sea-Tac Airport,Holiday Inn Seattle Downtown
Chittenden House Bed and Breakfast,The Grove West Seattle Inn,The Bacon Mansion Bed and Breakfast,Hyatt House Seattle,11th Avenue Inn Bed and Breakfast,Bed and Breakfast Inn Seattle,Hotel Hotel,Days Inn Seattle South Tukwila,La Quinta by Wyndham Seattle Sea-Tac Airport,Gaslight Inn,Holiday Inn Seattle Downtown
Emerald Motel,Nites Inn Motel,Marco Polo Motel,Columbus Motor Inn,Hostelling International Seattle at the American Hotel,The Halcyon Suite Du Jour,Crown Inn Motel,Motel 6 Seattle Sea-Tac Airport South,University Motel Suites,Hotel Seattle,Seattle Inn Northgate
Stay Alfred on 4th Avenue,Stay Alfred on Wall Street,Stay Alfred on Elliott Avenue,Stay Alfred on 1st Avenue,Mediterranean Inn,Pan Pacific Seattle,Hotel Seattle,Hyatt Regency Seattle,City Hostel Seattle,Four Points by Sheraton Downtown Seattle Center,The State Hotel
Silver Cloud Hotel - Seattle Stadium,Silver Cloud Hotel - Seattle Broadway,Holiday Inn Seattle Downtown,Silver Cloud Inn - Seattle Lake Union,Quality Inn & Suites Seattle Center,Best Western Plus Pioneer Square Hotel Downtown,Holiday Inn Express & Suites Seattle-City Center,The Arctic Club Seattle - a DoubleTree by Hilton Hotel,Hotel Seattle,Kimpton Hotel Monaco Seattle ,Red Roof Inn Seattle Airport - SEATAC
Renaissance Seattle Hotel,Holiday Inn Seattle Downtown,Inn at the Market,Holiday Inn Express & Suites Seattle-City Center,Econo Lodge SeaTac Airport North,Residence Inn by Marriott Seattle Downtown/Lake Union,The Westin Seattle,Comfort Inn & Suites,Clarion Hotel Seattle Airport,The Arctic Club Seattle - a DoubleTree by Hilton Hotel,Best Western Seattle Airport Hotel
The Baroness Hotel,The Inn at Virginia Mason,Days Inn Seattle South Tukwila,Ramada by Wyndham SeaTac Airport,The Loyal Inn,Quality Inn & Suites Seattle Center,Crown Inn Motel,University Motel Suites,Silver Cloud Hotel - Seattle Broadway,Homewood Suites by Hilton Seattle Downtown,Econo Lodge Renton-Bellevue
Kimpton Palladian Hotel,Kimpton Alexis Hotel,Kings Inn,Hotel Andra,The Westin Seattle,Oakwood Seattle South Lake Union,Ace Hotel Seattle,Inn at the Market,Palihotel Seattle,The State Hotel,The Loyal Inn
Panama Hotel and Tea House,Pan Pacific Seattle,Residence Inn by Marriott Seattle Downtown/Lake Union,Mayflower Park Hotel,Best Western Plus Pioneer Square Hotel Downtown,Homewood Suites by Hilton Seattle Downtown,The Bacon Mansion Bed and Breakfast,Pensione Nichols Bed and Breakfast,Extended Stay America - Seattle - Northgat,MarQueen Hotel,Silver Cloud Hotel - Seattle Stadium
Four Points by Sheraton Downtown Seattle Center,Embassy Suites by Hilton Seattle Tacoma International Airport,Executive Inn By The Space Needle,Holiday Inn Seattle Downtown,Sheraton Grand Seattle,Quality Inn & Suites Seattle Center,La Quinta by Wyndham Seattle Sea-Tac Airport,Courtyard by Marriott Seattle Downtown/Pioneer Square,Hampton Inn Seattle/Southcenter,Holiday Inn Express & Suites Seattle-City Center,Best Western Plus Pioneer Square Hotel Downtown
"Loews Hotel 1000, Seattle",The Edgewater Hotel Seattle,Holiday Inn Seattle Downtown,Fairmont Olympic Hotel,Inn at the Market,Seattle Marriott Waterfront,Best Western Plus Pioneer Square Hotel Downtown,Quality Inn & Suites Seattle Center,Renaissance Seattle Hotel,Holiday Inn Express & Suites Seattle-City Center,"The Charter Hotel Seattle, Curio Collection by Hilton"
Quality Inn & Suites Seattle Center,Comfort Inn & Suites,Silver Cloud Hotel - Seattle Stadium,Clarion Hotel Seattle Airport,Holiday Inn Express & Suites North Seattle - Shoreline,Holiday Inn Express & Suites Seattle-City Center,The Arctic Club Seattle - a DoubleTree by Hilton Hotel,Ramada by Wyndham SeaTac Airport,Crown Inn Motel,Best Western Plus Pioneer Square Hotel Downtown,Residence Inn by Marriott Seattle Downtown/Lake Union
EVEN Hotel Seattle - South Lake Union,Staybridge Suites Seattle Downtown - Lake Union,Silver Cloud Inn - Seattle Lake Union,Residence Inn by Marriott Seattle Downtown/Lake Union,Aloft Seattle Redmond,SpringHill Suites Seattle Downtown,Holiday Inn Express & Suites North Seattle - Shoreline,Homewood Suites by Hilton Seattle Downtown,Holiday Inn Seattle Downtown,Hilton Garden Seattle Downtown,Days Inn Seattle South Tukwila
Hotel Theodore,Holiday Inn Seattle Downtown,The Westin Seattle,Holiday Inn Express & Suites Seattle-City Center,11th Avenue Inn Bed and Breakfast,Inn at the Market,Holiday Inn Express & Suites North Seattle - Shoreline,Homewood Suites by Hilton Seattle Downtown,Hotel Seattle,The State Hotel,Hyatt At Olive 8
Hotel Hotel,City Hostel Seattle,Hotel Seattle,Green Tortoise Hostel Seattle,"Country Inn & Suites by Radisson, Seattle-Tacoma International Airport",Comfort Inn & Suites,Motel 6 Seattle Sea-Tac Airport South,Chittenden House Bed and Breakfast,Mozart Guest House,Roy Street Commons,EVEN Hotel Seattle - South Lake Union
Silver Cloud Hotel - Seattle Broadway,Silver Cloud Hotel - Seattle Stadium,Silver Cloud Inn - Seattle Lake Union,Holiday Inn Seattle Downtown,11th Avenue Inn Bed and Breakfast,Holiday Inn Express & Suites Seattle-City Center,The Bacon Mansion Bed and Breakfast,Best Western Seattle Airport Hotel,Shafer Baillie Mansion Bed & Breakfast,Renaissance Seattle Hotel,Homewood Suites by Hilton Seattle Convention Center Pike Street
Residence Inn by Marriott Seattle Downtown/Lake Union,Silver Cloud Inn - Seattle Lake Union,Staybridge Suites Seattle Downtown - Lake Union,Homewood Suites by Hilton Seattle Downtown,Residence Inn by Marriott Seattle Downtown/Convention Center,SpringHill Suites Seattle Downtown,Holiday Inn Express & Suites Seattle-City Center,EVEN Hotel Seattle - South Lake Union,Holiday Inn Express & Suites North Seattle - Shoreline,The Loyal Inn,Homewood Suites by Hilton Seattle Convention Center Pike Street
Mediterranean Inn,Stay Alfred on 4th Avenue,Mayflower Park Hotel,Crown Inn Motel,Inn at the Market,Gand Hyatt Seattle,Four Points by Sheraton Downtown Seattle Center,The Grove West Seattle Inn,Hyatt Regency Seattle,"The Charter Hotel Seattle, Curio Collection by Hilton",Holiday Inn Express & Suites Seattle-City Center
Executive Inn By The Space Needle,Holiday Inn Seattle Downtown,Homewood Suites by Hilton Seattle Downtown,Holiday Inn Express & Suites North Seattle - Shoreline,Inn at the Market,Embassy Suites by Hilton Seattle Tacoma International Airport,Four Points by Sheraton Downtown Seattle Center,Holiday Inn Express & Suites Seattle-City Center,The Arctic Club Seattle - a DoubleTree by Hilton Hotel,Red Roof Inn Seattle Airport - SEATAC,Travelodge Seattle by The Space Needle
The Maxwell Hotel - A Staypineapple Hotel,Hotel Five - A Staypineapple Hotel,University Inn - A Staypineapple Hotel,Watertown Hotel - A Staypineapple Hotel,Holiday Inn Seattle Downtown,Inn at Queen Anne,Gand Hyatt Seattle,Holiday Inn Express & Suites Seattle-City Center,Travelodge Seattle by The Space Needle,Days Inn Seattle South Tukwila,Seattle Marriott Waterfront
Hyatt At Olive 8,Hyatt Regency Lake Washington At SeattleS Southport,Gand Hyatt Seattle,Inn at the Market,Hampton Inn Seattle-Airport,Hotel Theodore,Hotel Seattle,Hyatt Place Seattle,Holiday Inn Seattle Downtown,Hyatt House Seattle,Residence Inn by Marriott Seattle Downtown/Lake Union
Silver Cloud Inn - Seattle Lake Union,Staybridge Suites Seattle Downtown - Lake Union,Residence Inn by Marriott Seattle Downtown/Lake Union,Silver Cloud Hotel - Seattle Broadway,Silver Cloud Hotel - Seattle Stadium,EVEN Hotel Seattle - South Lake Union,SpringHill Suites Seattle Downtown,The Loyal Inn,Travelodge by Wyndham Seattle North of Downtown,Hilton Garden Seattle Downtown,Hyatt Regency Lake Washington At SeattleS Southport
The Bacon Mansion Bed and Breakfast,11th Avenue Inn Bed and Breakfast,Shafer Baillie Mansion Bed & Breakfast,Silver Cloud Hotel - Seattle Broadway,Chittenden House Bed and Breakfast,Hyatt House Seattle,Bed and Breakfast Inn Seattle,Gaslight Inn,Quality Inn & Suites Seattle Center,Holiday Inn Seattle Downtown,Best Western Plus Pioneer Square Hotel Downtown
Homewood Suites by Hilton Seattle Downtown,Residence Inn by Marriott Seattle Downtown/Lake Union,Homewood Suites by Hilton Seattle Convention Center Pike Street,Homewood Suites by Hilton Seattle-Tacoma Airport/Tukwila,Executive Inn By The Space Needle,Holiday Inn Express & Suites Seattle-City Center,Holiday Inn Express & Suites North Seattle - Shoreline,Holiday Inn Seattle Downtown,Days Inn Seattle South Tukwila,Quality Inn & Suites Seattle Center,SpringHill Suites Seattle Downtown
Georgetown Inn,Inn at Queen Anne,Holiday Inn Express & Suites Seattle-City Center,11th Avenue Inn Bed and Breakfast,Inn at the Market,Silver Cloud Hotel - Seattle Stadium,Kings Inn,Best Western Plus Pioneer Square Hotel Downtown,Ballard Inn,Holiday Inn Express & Suites North Seattle - Shoreline,Holiday Inn Seattle Downtown
The Inn at Virginia Mason,The Baroness Hotel,The Loyal Inn,11th Avenue Inn Bed and Breakfast,Inn at Queen Anne,Inn at the Market,Ballard Inn,Econo Lodge Renton-Bellevue,Comfort Inn & Suites,Bed and Breakfast Inn Seattle,The College Inn
The Grove West Seattle Inn,Chittenden House Bed and Breakfast,First Hill Apartments,Mediterranean Inn,La Quinta by Wyndham Seattle Sea-Tac Airport,Civic Hotel,Four Seasons Hotel Seattle,Talaris Conference Center,Inn at the Market,Red Lion Hotel Seattle Airport Sea-Tac,Executive Hotel Pacific
Watertown Hotel - A Staypineapple Hotel,University Inn - A Staypineapple Hotel,Hotel Five - A Staypineapple Hotel,The Maxwell Hotel - A Staypineapple Hotel,Homewood Suites by Hilton Seattle Downtown,Days Inn Seattle South Tukwila,Homewood Suites by Hilton Seattle Convention Center Pike Street,Hampton Inn Seattle/Southcenter,Holiday Inn Express & Suites Seattle-City Center,Holiday Inn Seattle Downtown,University Motel Suites
The State Hotel,Hotel Seattle,"The Charter Hotel Seattle, Curio Collection by Hilton",11th Avenue Inn Bed and Breakfast,Hotel Theodore,Residence Inn by Marriott Seattle Downtown/Convention Center,Hyatt Regency Seattle,Hyatt Place Seattle,The Edgewater Hotel Seattle,Holiday Inn Seattle Downtown,Inn at the Market
Moore Hotel,Inn at the Market,Hotel Seattle,The Paramount Hotel Seattle,The State Hotel,Holiday Inn Seattle Downtown,Residence Inn by Marriott Seattle Downtown/Lake Union,Homewood Suites by Hilton Seattle Downtown,Holiday Inn Express & Suites Seattle-City Center,Hilton Seattle,MarQueen Hotel
The College Inn,University Inn - A Staypineapple Hotel,Comfort Inn & Suites,Holiday Inn Express & Suites Seattle-City Center,Travelodge by Wyndham Seattle North of Downtown,Americas Best Value Inn Shoreline / Seattle North,The Loyal Inn,11th Avenue Inn Bed and Breakfast,Watertown Hotel - A Staypineapple Hotel,Inn at Queen Anne,Bed and Breakfast Inn Seattle
Hotel Five - A Staypineapple Hotel,University Inn - A Staypineapple Hotel,Watertown Hotel - A Staypineapple Hotel,The Maxwell Hotel - A Staypineapple Hotel,Holiday Inn Seattle Downtown,Days Inn Seattle South Tukwila,Holiday Inn Express & Suites Seattle-City Center,Hyatt Place Seattle,Renaissance Seattle Hotel,Homewood Suites by Hilton Seattle Downtown,Homewood Suites by Hilton Seattle Convention Center Pike Street
"The Charter Hotel Seattle, Curio Collection by Hilton",Hotel Seattle,Hyatt Regency Seattle,The Arctic Club Seattle - a DoubleTree by Hilton Hotel,Quality Inn & Suites Seattle Center,Seattle Marriott Waterfront,The State Hotel,Holiday Inn Express & Suites Seattle-City Center,Holiday Inn Express & Suites North Seattle - Shoreline,The Paramount Hotel Seattle,Holiday Inn Seattle Downtown
Staybridge Suites Seattle Downtown - Lake Union,Silver Cloud Inn - Seattle Lake Union,Staybridge Suites Seattle - Fremont,Residence Inn by Marriott Seattle Downtown/Lake Union,EVEN Hotel Seattle - South Lake Union,SpringHill Suites Seattle Downtown,The Loyal Inn,Hilton Garden Seattle Downtown,Homewood Suites by Hilton Seattle Convention Center Pike Street,Moxy Seattle Downtown,Hotel Andra
University Inn - A Staypineapple Hotel,Watertown Hotel - A Staypineapple Hotel,Hotel Five - A Staypineapple Hotel,The Maxwell Hotel - A Staypineapple Hotel,Travelodge by Wyndham Seattle University,Travelodge by Wyndham Seattle North of Downtown,University Motel Suites,Holiday Inn Express & Suites Seattle-City Center,The College Inn,Inn at the Market,The Loyal Inn
Talaris Conference Center,Travelodge by Wyndham Seattle University,University Motel Suites,Travelodge by Wyndham Seattle North of Downtown,Holiday Inn Express & Suites Seattle-City Center,Silver Cloud Hotel - Seattle Stadium,University Inn - A Staypineapple Hotel,Staybridge Suites Seattle - Fremont,Hotel Andra,Holiday Inn Seattle Downtown,Best Western Plus Pioneer Square Hotel Downtown
"The Sound Hotel Seattle Belltown, Tapestry Collection by Hilton",Residence Inn by Marriott Seattle Downtown/Convention Center,Hyatt At Olive 8,Quality Inn & Suites Seattle Center,The Arctic Club Seattle - a DoubleTree by Hilton Hotel,Talaris Conference Center,Hampton Inn Seattle/Southcenter,DoubleTree by Hilton Hotel Seattle Airport,Hotel Seattle,Residence Inn by Marriott Seattle Downtown/Lake Union,citizenM Seattle South Lake Union hotel
Gaslight Inn,11th Avenue Inn Bed and Breakfast,Shafer Baillie Mansion Bed & Breakfast,Best Western Plus Pioneer Square Hotel Downtown,Inn at the Market,The Bacon Mansion Bed and Breakfast,Bed and Breakfast Inn Seattle,WorldMark Seattle - The Camlin,The Loyal Inn,Chittenden House Bed and Breakfast,Hampton Inn Seattle/Southcenter
Stay Alfred on 1st Avenue,Stay Alfred on Wall Street,Stay Alfred on 4th Avenue,Seattle Marriott Waterfront,The Edgewater Hotel Seattle,Stay Alfred on Elliott Avenue,Homewood Suites by Hilton Seattle-Tacoma Airport/Tukwila,Quality Inn & Suites Seattle Center,Days Inn Seattle South Tukwila,SpringHill Suites Seattle Downtown,"The Charter Hotel Seattle, Curio Collection by Hilton"
WorldMark Seattle - The Camlin,Holiday Inn Express & Suites Seattle-City Center,University Motel Suites,Homewood Suites by Hilton Seattle Convention Center Pike Street,11th Avenue Inn Bed and Breakfast,Inn at Queen Anne,Quality Inn & Suites Seattle Center,Holiday Inn Seattle Downtown,Residence Inn by Marriott Seattle Downtown/Convention Center,Hampton Inn Seattle/Southcenter,"The Charter Hotel Seattle, Curio Collection by Hilton"
Inn at the WAC,Holiday Inn Seattle Downtown,The Arctic Club Seattle - a DoubleTree by Hilton Hotel,La Quinta by Wyndham Seattle Sea-Tac Airport,Holiday Inn Express & Suites Seattle-City Center,Inn at the Market,Kimpton Hotel Vintage Seattle,Hampton Inn Seattle-Airport,Executive Inn By The Space Needle,Holiday Inn Express & Suites North Seattle - Shoreline,Gand Hyatt Seattle
Mozart Guest House,City Hostel Seattle,Hotel Seattle,Crown Inn Motel,Motel 6 Seattle Sea-Tac Airport South,11th Avenue Inn Bed and Breakfast,Mildred's Bed and Breakfast,Hotel Hotel,Ramada by Wyndham SeaTac Airport,"Country Inn & Suites by Radisson, Seattle-Tacoma International Airport",Days Inn Seattle South Tukwila
Hyatt Regency Lake Washington At SeattleS Southport,Hyatt House Seattle,Hyatt Place Seattle,Hyatt Regency Seattle,Hyatt At Olive 8,Gand Hyatt Seattle,Silver Cloud Inn - Seattle Lake Union,Travelodge by Wyndham Seattle North of Downtown,Hampton Inn Seattle-Airport,Staybridge Suites Seattle Downtown - Lake Union,La Quinta Inn & Suites Seattle Downtown
Pensione Nichols Bed and Breakfast,11th Avenue Inn Bed and Breakfast,Best Western Plus Pioneer Square Hotel Downtown,Chittenden House Bed and Breakfast,Georgetown Inn,Inn at the Market,Days Inn Seattle South Tukwila,MarQueen Hotel,DoubleTree by Hilton Hotel Seattle Airport,"The Charter Hotel Seattle, Curio Collection by Hilton",Executive Hotel Pacific
Bed and Breakfast Inn Seattle,11th Avenue Inn Bed and Breakfast,Inn at the Market,The Bacon Mansion Bed and Breakfast,Kings Inn,Silver Cloud Hotel - Seattle Broadway,Gaslight Inn,Chittenden House Bed and Breakfast,Inn at Queen Anne,Holiday Inn Seattle Downtown,Holiday Inn Express & Suites Seattle-City Center
Civic Hotel,Inn at Queen Anne,Residence Inn by Marriott Seattle Downtown/Lake Union,MarQueen Hotel,Staybridge Suites Seattle Downtown - Lake Union,Days Inn Seattle South Tukwila,Renaissance Seattle Hotel,11th Avenue Inn Bed and Breakfast,Mayflower Park Hotel,Holiday Inn Seattle Downtown,Stay Alfred on Elliott Avenue
Stay Alfred on Elliott Avenue,Stay Alfred on 4th Avenue,La Quinta Inn & Suites Seattle Downtown,Kings Inn,Quality Inn & Suites Seattle Center,Oakwood Seattle South Lake Union,Stay Alfred on Wall Street,The Edgewater Hotel Seattle,Stay Alfred on 1st Avenue,The Westin Seattle,Civic Hotel
Shafer Baillie Mansion Bed & Breakfast,11th Avenue Inn Bed and Breakfast,The Bacon Mansion Bed and Breakfast,Gaslight Inn,Holiday Inn Express & Suites Seattle-City Center,Best Western Plus Pioneer Square Hotel Downtown,Holiday Inn Seattle Downtown,Silver Cloud Hotel - Seattle Broadway,Hotel Seattle,Quality Inn & Suites Seattle Center,University Motel Suites
11th Avenue Inn Bed and Breakfast,Hotel Seattle,Inn at the Market,Inn at Queen Anne,The Bacon Mansion Bed and Breakfast,Holiday Inn Seattle Downtown,Shafer Baillie Mansion Bed & Breakfast,Silver Cloud Hotel - Seattle Broadway,Gaslight Inn,Bed and Breakfast Inn Seattle,Holiday Inn Express & Suites Seattle-City Center
Oakwood Seattle South Lake Union,Stay Alfred on Elliott Avenue,Crowne Plaza Seattle Airport,Kimpton Palladian Hotel,Stay Alfred on 4th Avenue,Staybridge Suites Seattle - Fremont,Stay Alfred on Wall Street,Holiday Inn Express & Suites Seattle-City Center,MarQueen Hotel,"The Sound Hotel Seattle Belltown, Tapestry Collection by Hilton",Pike's Place Lux Suites by Barsala
Mildred's Bed and Breakfast,Best Western Plus Pioneer Square Hotel Downtown,Travelodge by Wyndham Seattle University,Hotel Seattle,Crown Inn Motel,Travelodge by Wyndham Seattle North of Downtown,University Inn - A Staypineapple Hotel,Mozart Guest House,Motel 6 Seattle Sea-Tac Airport South,Residence Inn by Marriott Seattle Downtown/Convention Center,Travelodge Seattle by The Space Needle
First Hill Apartments,The Grove West Seattle Inn,Vermont Inn,"Country Inn & Suites by Radisson, Seattle-Tacoma International Airport",Motel 6 Seattle Sea-Tac Airport South,Mozart Guest House,Hampton Inn Seattle/Southcenter,Courtyard by Marriott Seattle Downtown/Pioneer Square,Stay Alfred on 4th Avenue,Red Roof Inn Seattle Airport - SEATAC,Extended Stay America - Seattle - Northgat
Hampton Inn Seattle/Southcenter,Embassy Suites by Hilton Seattle Tacoma International Airport,Hampton Inn Seattle-Airport,"Country Inn & Suites by Radisson, Seattle-Tacoma International Airport",Best Western Seattle Airport Hotel,Homewood Suites by Hilton Seattle-Tacoma Airport/Tukwila,Red Roof Inn Seattle Airport - SEATAC,Hotel Seattle,Clarion Hotel Seattle Airport,Quality Inn & Suites Seattle Center,Holiday Inn Express & Suites Seattle-City Center
The Halcyon Suite Du Jour,Nites Inn Motel,Columbus Motor Inn,Emerald Motel,Marco Polo Motel,Hostelling International Seattle at the American Hotel,Inn at Queen Anne,Hotel Seattle,Crown Inn Motel,Quality Inn & Suites Seattle Center,University Motel Suites
Vermont Inn,Holiday Inn Express & Suites Seattle-City Center,"The Charter Hotel Seattle, Curio Collection by Hilton",WorldMark Seattle - The Camlin,Homewood Suites by Hilton Seattle Convention Center Pike Street,First Hill Apartments,Holiday Inn Seattle Downtown,Hampton Inn Seattle/Southcenter,Hampton Inn Seattle-Airport,Four Points by Sheraton Seattle Airport South,Inn at the Market
Stay Alfred on Wall Street,Stay Alfred on 1st Avenue,Stay Alfred on 4th Avenue,Stay Alfred on Elliott Avenue,City Hostel Seattle,"The Charter Hotel Seattle, Curio Collection by Hilton",Hyatt Regency Seattle,Embassy Suites by Hilton Seattle Tacoma International Airport,Crowne Plaza Seattle Downtown,Motif Seattle,Days Inn Seattle South Tukwila
Pike's Place Lux Suites by Barsala,The Westin Seattle,Days Inn by Wyndham Seattle North of Downtown,Staybridge Suites Seattle - Fremont,Americas Best Value Inn Shoreline / Seattle North,Seattle Marriott Waterfront,Inn at the Market,Stay Alfred on Elliott Avenue,Homewood Suites by Hilton Seattle Downtown,Hyatt House Seattle,Renaissance Seattle Hotel
citizenM Seattle South Lake Union hotel,"The Sound Hotel Seattle Belltown, Tapestry Collection by Hilton",Watertown Hotel - A Staypineapple Hotel,Stay Alfred on Elliott Avenue,Holiday Inn Seattle Downtown,The Maxwell Hotel - A Staypineapple Hotel,Holiday Inn Express & Suites Seattle-City Center,"The Charter Hotel Seattle, Curio Collection by Hilton",Courtyard by Marriott Seattle Downtown/Pioneer Square,Four Points by Sheraton Downtown Seattle Center,Homewood Suites by Hilton Seattle Convention Center Pike Street
